error_type,prior_type,value_mean,value_std
f_error,fprior,0.0,0.0
sigma_error,fprior,0.18903728235099052,0.12404790225069547
h_error,fprior,0.15010154040323365,0.0798119362648681
f_error,hprior,0.7694302837053935,0.520040482865446
sigma_error,hprior,0.5556440267297956,0.3929489903997668
h_error,hprior,0.0,0.0
f_error,noprior,1.4126009672880173,1.520327427867333
sigma_error,noprior,0.7901970487501886,0.714691616105719
h_error,noprior,0.3471786372363567,0.35565495061768565
f_error,sigmaprior,0.7707163161701627,0.3334790754143799
sigma_error,sigmaprior,0.0,0.0
h_error,sigmaprior,0.9392571626438035,0.8542461860854279
